season,yr,mnth,holiday,weekday,workingday,weathersit,temp,atemp,windspeed,leaflets,price reduction,cnt
2.0,0,6,0,0,1,1,24.8,0.587133,0.1611180865698955,991,0,5312
4.0,1,11,0,6,1,2,12.8667,0.324492,0.11439151355659112,601,0,5445
1.0,1,1,0,1,1,1,6.0,0.126275,0.1983211799147661,549,0,2236
2.0,1,4,1,0,0,1,26.5667,0.614925,0.17295301448685543,740,0,6370
1.0,1,3,0,1,0,2,20.5667,0.505046,0.08915995881041588,773,1,7836
3.0,0,9,0,4,1,1,26.9333,0.6269,0.12209728256086509,761,0,4785
1.0,1,2,0,1,1,1,13.7333,0.3516289999999999,0.1410309492536898,877,1,4154
4.0,1,10,0,2,1,2,26.3,0.607975,0.09351267756359834,479,0,7328
1.0,0,10,0,5,0,2,16.4,0.412863,0.17557042809438714,628,0,2429
2.0,0,5,0,6,1,1,21.3,0.525246,0.1265945268164214,838,0,4362
3.0,0,6,0,0,1,1,28.9667,0.656583,0.1482640028519002,779,0,4991
3.0,0,8,0,5,1,1,30.8667,0.703292,0.1164375286402004,533,0,4266
2.0,1,6,0,0,0,1,25.2667,0.594708,0.12176467550417841,932,0,7702
3.0,1,8,0,3,0,1,28.0333,0.644579,0.09660352923206991,513,0,6544
3.0,0,8,0,6,1,1,31.0,0.724121,0.11335769069240303,464,0,4602
1.0,0,9,0,2,1,2,25.9667,0.589042,0.08915738155904653,495,1,4630
1.0,1,2,0,5,1,1,11.513,0.295113,0.1409716751900212,587,0,3777
1.0,0,1,0,6,0,1,8.6609,0.250322,0.0637795577467816,548,0,1096
3.0,1,7,0,2,1,1,31.7333,0.745583,0.10556374932846155,977,0,5713
3.0,1,8,0,0,1,1,28.7667,0.654688,0.10808637393116034,755,0,7605
2.0,0,5,0,5,0,2,22.5,0.536,0.11438709600182816,1024,0,4553
1.0,1,2,0,6,1,2,13.7739,0.34847,0.12817277046188405,629,0,1834
3.0,0,8,0,5,1,1,26.6333,0.616167,0.1424512316325611,815,0,4338
2.0,1,5,0,0,1,1,25.4667,0.595975,0.09660352923206991,588,0,7424
2.0,1,6,0,5,1,1,24.1,0.569442,0.11678205802034304,537,0,7494
3.0,0,7,0,4,1,1,30.0,0.686871,0.11778454459068251,723,0,4592
1.0,0,1,0,6,0,1,5.5333,0.116175,0.19728483938449826,836,0,822
1.0,1,1,0,4,1,1,10.9667,0.249362,0.20170354479871802,911,0,3214
1.0,1,12,0,6,0,1,10.6333,0.236113,0.20918783788774364,572,0,1749
1.0,0,1,0,1,1,1,8.0,0.2121219999999999,0.11837535182900494,734,0,1562
1.0,1,7,0,1,1,2,28.8333,0.664796,0.11369973694668552,516,1,6290
2.0,0,5,0,0,1,2,26.4,0.604813,0.14160213899224297,829,0,4492
2.0,1,4,0,2,1,1,19.0667,0.470317,0.09429352894977147,636,0,6196
3.0,1,7,0,1,1,1,28.5333,0.662896,0.12110991211303215,864,0,7216
3.0,1,7,0,1,1,1,32.7333,0.755683,0.09154343356082566,809,0,6786
1.0,1,11,0,4,1,2,13.7333,0.323225,0.19154184986622255,542,0,4094
4.0,1,11,0,6,1,1,11.2348,0.2984219999999999,0.09223655780021264,509,0,5323
4.0,1,9,0,5,1,2,24.7667,0.585863,0.12045015109982811,658,0,7415
3.0,1,7,0,6,0,1,32.6333,0.750629,0.12274094250478328,860,1,5531
3.0,0,9,0,1,0,1,20.3,0.490537,0.12785314205903425,750,1,4274
3.0,1,9,0,1,1,2,23.2333,0.55305,0.1137025102142573,848,0,6869
4.0,1,11,0,2,0,1,16.8333,0.421713,0.09965167507877606,783,0,6852
1.0,1,2,0,6,1,1,18.7667,0.466538,0.13309797514787178,787,0,4579
1.0,0,1,0,5,0,2,6.6,0.162254,0.16637322749255828,990,0,959
4.0,0,12,0,3,1,2,15.4333,0.396454,0.05435743572473158,867,1,3750
4.0,0,10,0,0,1,1,13.6,0.356063,0.0863317056497779,720,0,3669
3.0,1,8,0,3,0,2,25.4333,0.603554,0.07279777049881697,540,0,4549
1.0,1,4,0,6,0,1,20.0,0.492425,0.15278256238378196,557,1,5169
2.0,0,4,0,5,1,1,20.4,0.497463,0.15588023808425092,911,1,4595
2.0,0,5,0,2,1,1,21.4,0.523363,0.1333895893566776,983,0,4864
1.0,1,7,0,6,0,1,29.8333,0.705196,0.12176467550417841,690,1,6031
1.0,1,3,0,0,1,2,17.4333,0.436229,0.09075558931557487,585,0,4378
3.0,1,8,0,0,1,1,28.2667,0.652779,0.0660875753875231,592,0,7713
2.0,0,6,0,2,0,1,27.7,0.643325,0.12012503053864444,495,0,4460
1.0,0,2,0,3,0,1,12.6609,0.324113,0.16412767169651632,686,1,1589
1.0,1,1,1,0,0,1,10.9217,0.252304,0.1877919848853646,989,0,1951
2.0,1,6,0,3,1,2,26.1333,0.597875,0.14496935635676766,777,0,4972
4.0,1,10,0,0,1,2,12.7273,0.309909,0.14428196011640784,846,0,1096
4.0,0,11,0,0,1,2,13.6667,0.323221,0.18000548035985967,532,0,3053
1.0,0,8,0,3,0,1,27.9,0.648996,0.085094202642068,675,0,5191
4.0,1,12,0,0,0,2,13.9,0.3592079999999999,0.09775099294565558,702,0,4649
4.0,0,10,0,6,0,1,12.7667,0.321329,0.1269082982864276,787,0,3331
2.0,1,5,1,5,0,1,28.5,0.6793,0.13667844553656572,506,0,6043
2.0,1,5,0,6,1,2,24.4667,0.576404,0.11127090001342373,779,0,5115
1.0,1,2,0,3,0,2,10.6333,0.264521,0.1265924904359982,769,0,2947
4.0,0,12,0,4,1,3,16.4,0.400246,0.16613670390845822,586,1,705
4.0,0,10,0,1,1,1,19.3667,0.472858,0.141034624310097,819,0,4456
1.0,1,2,0,3,0,1,5.1,0.101658,0.20964439638852267,644,0,1529
4.0,1,11,1,3,0,1,19.4,0.475383,0.1253249529736274,793,0,6269
3.0,0,7,0,1,1,1,29.7333,0.720958,0.07584985548264273,474,0,3840
3.0,0,7,0,6,0,1,29.3333,0.664158,0.1224181511755555,755,0,5336
3.0,0,7,0,4,1,2,32.6,0.826371,0.14826226275073545,788,0,3784
1.0,1,9,0,2,1,1,23.1,0.554292,0.07671306538258107,469,0,7767
2.0,0,4,0,0,0,2,17.0667,0.426737,0.11091840316700688,661,0,2895
4.0,0,11,0,5,1,1,16.3333,0.412246,0.06008026107185504,686,0,4205
3.0,1,7,0,5,0,1,34.4667,0.804913,0.12011811675458084,834,0,4840
1.0,0,7,0,3,1,1,31.0,0.690667,0.13034492194460165,654,0,4656
4.0,1,10,0,6,1,1,19.5,0.482942,0.06925696370457546,599,0,7058
2.0,0,6,0,1,0,1,29.0,0.678038,0.11541682448411335,841,0,4966
4.0,0,11,0,2,0,1,14.2667,0.357942,0.143856654538703,598,0,4067
4.0,0,12,0,2,1,1,11.0667,0.280933,0.12500570429059607,703,0,3403
1.0,1,12,0,3,1,3,9.7333,0.220333,0.18366116156699247,701,0,441
4.0,1,10,0,6,1,2,22.4667,0.53915,0.1768588249637979,598,0,5875
3.0,1,8,0,5,1,1,25.9667,0.601025,0.06287961461763958,964,0,7006
1.0,1,11,0,1,0,1,15.5667,0.393937,0.05143901185925485,901,0,6536
2.0,1,3,0,6,1,1,22.1667,0.531567,0.09352272738825405,750,0,6871
1.0,0,12,0,2,1,2,15.4333,0.393925,0.054852618508178616,628,0,3811
2.0,1,5,0,3,0,1,27.7,0.642696,0.1378453161954805,869,0,6536
1.0,1,2,0,1,1,2,16.3,0.410971,0.1548532544938252,944,0,3487
3.0,0,9,1,2,0,2,26.9333,0.625646,0.14414153947132782,887,1,3351
1.0,0,1,0,5,0,2,13.7667,0.363625,0.11845603197605405,755,0,985
4.0,1,10,0,0,1,2,17.8667,0.438112,0.1336965894724366,611,0,6392
4.0,0,11,0,6,1,1,16.0,0.4090789999999999,0.054842920973878606,864,0,4109
2.0,0,3,0,5,1,1,12.1,0.292908,0.1504086546592335,829,0,2425
2.0,0,3,0,0,1,2,11.4,0.270833,0.1573969012287615,861,0,1865
4.0,0,11,0,5,1,1,16.0333,0.397088,0.10446743846406037,675,0,4068
2.0,1,4,0,0,1,1,19.5667,0.476638,0.19622764442150206,585,1,5585
2.0,1,5,0,0,1,1,22.5667,0.537896,0.10592306819805537,813,0,6169
1.0,1,9,0,4,1,2,27.8667,0.655329,0.10844523815728938,598,1,6203
4.0,1,12,0,3,1,2,11.9,0.297338,0.11978961229346333,802,1,5319
3.0,1,6,0,1,0,1,29.7333,0.674254,0.11021556677531869,731,0,6891
1.0,1,5,0,1,1,1,26.2,0.6067,0.12500570429059607,706,0,6770
2.0,0,6,0,3,1,1,27.1333,0.621858,0.09622319985231355,912,0,4548
1.0,1,1,0,6,0,1,13.5,0.340258,0.13429700895233881,969,0,3425
2.0,0,6,0,0,1,1,30.2,0.703292,0.10737082967827064,840,0,4586
4.0,0,11,0,0,1,2,15.2,0.373721,0.13309797514787178,684,1,2933
3.0,0,6,0,4,1,1,29.7667,0.692558,0.10950958258435058,997,0,4648
1.0,1,12,0,0,0,2,14.5,0.369938,0.08262020271169071,491,0,3786
1.0,1,2,0,0,1,2,15.9667,0.398971,0.13218033270044546,547,0,3761
3.0,0,8,0,0,1,1,28.9333,0.666671,0.10915825926628837,905,0,4694
1.0,1,3,0,5,1,1,22.9,0.548617,0.0919451922563498,887,0,6312
2.0,0,4,0,3,1,2,16.5,0.417283,0.1601309130964356,694,1,2162
3.0,1,6,0,5,1,1,29.9667,0.675512,0.1243630523341318,772,0,6879
3.0,1,8,0,2,0,1,27.1333,0.618071,0.127541911506066,507,0,7865
4.0,0,11,1,1,0,1,12.9667,0.306817,0.18305836079399174,617,0,3368
4.0,1,11,0,1,0,1,11.1333,0.248742,0.20137264431259258,496,0,2277
3.0,1,6,0,0,0,1,29.2667,0.652792,0.12847661907660235,978,1,7458
2.0,1,5,0,2,1,1,25.1,0.590917,0.11979014529558303,476,0,6296
3.0,1,8,0,1,1,2,28.6333,0.667942,0.15536697848665812,733,0,5786
4.0,1,10,0,1,1,1,18.2333,0.450108,0.08304039752717741,492,1,7461
2.0,0,4,0,6,0,2,12.6,0.315637,0.1369745192270367,672,0,2252
1.0,0,12,0,1,0,1,10.9913,0.279961,0.1155489630324877,989,0,754
2.0,1,5,0,1,1,1,20.2333,0.4917829999999999,0.18286043005022506,550,0,6572
1.0,0,12,0,4,1,1,11.9652,0.279974,0.17614572063490347,840,0,2302
3.0,0,9,0,1,0,1,26.1333,0.609229,0.09194012062696127,1005,0,5046
1.0,1,2,0,2,0,1,11.6333,0.255675,0.21262441780942437,669,0,2732
4.0,0,10,0,6,0,1,16.8667,0.422333,0.08179596906020288,607,0,4381
4.0,1,9,0,0,0,1,21.0667,0.517663,0.10410662791165336,952,0,6889
2.0,0,5,0,2,1,1,28.3333,0.654688,0.1381506296609912,720,0,4677
3.0,0,7,0,6,0,1,27.4667,0.638263,0.12910342099778427,731,0,5923
3.0,1,9,0,1,1,1,23.3333,0.565654,0.16329389491053475,748,0,7525
3.0,0,9,0,6,1,2,26.0,0.578946,0.09775099294565558,1002,0,3544
3.0,0,8,0,5,1,1,25.4667,0.607958,0.11812173707361841,587,0,4634
1.0,0,12,0,6,1,1,14.9333,0.377513,0.16913574381128052,762,0,2209
3.0,0,7,1,1,0,2,29.0667,0.665417,0.06925401277624531,749,0,6043
1.0,0,12,0,3,1,2,13.0,0.327633,0.13279746871610967,517,0,1162
2.0,1,4,0,6,0,1,24.2667,0.573875,0.14960733635325058,554,0,7132
1.0,0,3,0,3,0,2,15.0609,0.366252,0.19191002857814407,667,0,605
4.0,1,11,0,5,1,1,11.8667,0.2897619999999999,0.1432972495702895,935,1,5260
3.0,0,7,0,5,1,2,28.3667,0.6704829999999999,0.14960733635325058,1015,0,4040
4.0,1,10,0,0,1,3,23.6333,0.542333,0.08509947873647017,499,0,4639
3.0,0,9,0,2,1,1,25.7739,0.60213,0.0745288303156316,532,0,4713
2.0,1,4,0,1,1,1,24.3333,0.598487,0.1689092016709186,633,0,6691
2.0,1,5,0,0,1,2,24.8667,0.584612,0.0834595979691116,873,0,5260
1.0,0,3,0,5,1,1,11.7,0.3024,0.09545125161604942,924,0,2133
3.0,0,8,0,4,0,1,28.2824,0.6479590000000001,0.17977143250532374,615,0,4334
1.0,0,3,0,2,0,1,13.1667,0.32575,0.14771908655762594,580,0,2132
2.0,1,4,0,6,0,1,18.3333,0.450121,0.09311145509793925,869,0,6304
4.0,1,10,0,4,0,1,15.7333,0.391396,0.11056511374482708,632,0,7109
1.0,1,12,0,5,1,2,13.0667,0.301767,0.20070344971273726,881,0,3623
3.0,0,8,0,6,1,1,25.5667,0.594704,0.09813580706786977,576,1,5204
3.0,0,8,0,5,1,1,27.6667,0.638254,0.17005056746349106,990,0,4758
1.0,0,3,0,4,1,1,10.4696,0.238461,0.1913353531220501,981,1,1872
1.0,1,12,1,2,0,2,11.6522,0.294465,0.12284385808542485,699,0,1013
2.0,0,4,0,2,1,2,20.1,0.493054,0.16936769747183808,813,0,2034
1.0,0,1,0,3,1,1,6.6,0.150883,0.17854494730976936,572,1,1406
1.0,1,2,0,1,1,1,12.5333,0.309346,0.12785970304268815,860,0,4151
4.0,0,12,0,5,1,1,10.6333,0.256938,0.15587818924822536,573,0,3322
1.0,1,12,0,4,1,1,11.8333,0.294188,0.12563889675214424,676,0,5532
3.0,0,9,0,0,0,1,26.4,0.607962,0.11473404146979564,560,0,5345
1.0,0,7,0,0,0,2,28.6667,0.668575,0.15120288298073625,722,0,4649
3.0,0,8,0,6,1,1,31.3333,0.707071,0.14103278679436582,617,0,4845
4.0,0,9,0,5,1,1,24.6667,0.574512,0.12499901372548763,920,0,4839
3.0,1,8,0,2,0,1,31.7333,0.751267,0.162809010029233,606,0,6824
4.0,0,9,0,0,0,2,24.2667,0.564412,0.06701241192394322,968,0,5423
1.0,1,3,0,6,1,1,21.1,0.524604,0.2171870778669655,870,0,5382
1.0,0,12,0,0,0,1,12.1,0.299242,0.1336985273140465,803,0,1011
2.0,0,4,0,4,1,1,17.5,0.433696,0.1194561169079618,929,0,3141
1.0,0,12,0,5,1,1,9.9333,0.263892,0.09468073578655484,728,0,2423
1.0,0,1,0,0,1,2,7.2333,0.18625,0.13218278114557255,901,0,1501
2.0,0,4,0,3,1,2,24.8,0.575142,0.18225559880285547,849,1,3872
4.0,0,11,0,4,1,1,20.1391,0.490122,0.10827365854303582,637,0,3867
1.0,1,2,0,5,1,1,14.3667,0.353525,0.13519859487902464,595,0,4363
2.0,1,5,0,1,1,2,22.4,0.537242,0.10336127932344424,908,1,6421
1.0,1,3,0,1,0,2,16.5667,0.413492,0.11879603015502617,642,0,4066
1.0,1,2,0,1,1,2,11.2333,0.293558,0.09312467657792481,764,0,3831
3.0,0,7,0,2,1,1,31.7667,0.739275,0.13843747549685212,670,0,4258
1.0,1,2,0,3,0,2,11.2,0.265788,0.16111455280433465,838,0,2689
2.0,1,5,0,6,1,2,24.6,0.580825,0.09390229990960221,576,0,6073
1.0,1,1,0,4,1,2,8.7,0.220958,0.13960117761511162,584,0,3163
2.0,1,5,0,3,0,1,22.5667,0.544817,0.09698607314470067,813,0,7429
1.0,1,1,0,5,0,1,15.7333,0.390779,0.12596086166378961,827,0,4521
2.0,1,5,0,1,1,1,23.7333,0.572613,0.15146497932313646,882,0,7384
2.0,1,4,0,5,0,1,22.8,0.542921,0.17251163856549026,524,0,6624
1.0,0,1,0,3,1,2,10.4667,0.25505,0.13638553951644078,992,0,1927
1.0,1,3,0,6,1,1,22.3,0.532825,0.1126679819185026,624,0,6192
1.0,0,2,0,0,1,2,11.8261,0.289191,0.16008300605760029,759,0,1807
3.0,1,8,0,0,1,1,30.2333,0.699508,0.11610096014198783,1006,1,7286
1.0,0,3,0,1,1,2,12.6609,0.305,0.15293954035876897,487,1,1977
3.0,1,7,0,1,1,1,31.2333,0.70265,0.09888513246668061,790,0,6660
2.0,0,4,0,3,1,1,23.8,0.564392,0.15664088797370462,750,1,3944
1.0,0,8,0,0,1,1,26.2667,0.611121,0.07058374342826783,628,0,5058
2.0,1,4,0,4,1,1,17.7,0.4318079999999999,0.11575708386953575,965,0,6398
1.0,0,2,0,4,1,2,16.2909,0.400118,0.17466253673272544,471,1,1446
2.0,0,5,0,0,1,1,31.0,0.725383,0.08956218247469558,843,0,3982
1.0,0,2,0,5,1,2,7.687,0.23453,0.0477488608642217,914,0,1360
2.0,0,6,0,1,0,1,27.8667,0.643954,0.09467824052090587,617,0,5119
2.0,1,5,0,1,1,1,27.2,0.631329,0.13608820383315776,986,0,7338
4.0,1,11,0,3,1,1,12.5333,0.3390039999999999,0.042403491989447,1025,0,5087
4.0,1,11,0,4,1,2,14.9667,0.380667,0.07014852482471566,796,0,5634
2.0,1,3,0,0,1,2,14.8,0.375621,0.10592831204031647,1016,0,5459
2.0,1,5,0,4,0,1,24.8333,0.583967,0.16160632041475845,783,0,7129
2.0,0,4,0,5,1,2,12.0,0.283454,0.16329196700316065,699,1,2227
3.0,0,9,0,0,0,2,19.6667,0.478512,0.1333934734736932,939,1,4511
4.0,0,11,0,3,0,1,17.6333,0.43055,0.1718452367140654,829,0,3717
2.0,0,5,0,1,1,1,26.4333,0.615542,0.115078010024797,702,0,4978
4.0,1,11,0,2,0,1,9.8333,0.257583,0.11301210418163167,728,0,2424
3.0,1,8,0,1,1,1,28.9333,0.2424,0.15225986382624723,887,0,7148
2.0,1,6,0,0,0,1,23.3333,0.566288,0.131873943754321,743,0,8120
1.0,1,3,0,0,1,2,14.1333,0.359842,0.10986296928084634,867,0,3194
2.0,1,5,0,6,1,1,28.9,0.672992,0.1766405093434693,598,1,5743
4.0,1,10,0,1,1,2,14.3,0.3611,0.12176467550417841,747,0,5566
4.0,0,10,0,1,1,2,22.6667,0.546096,0.10880100478124989,800,0,4563
1.0,0,1,0,0,1,1,7.8546,0.189405,0.15921384982065417,829,0,1349
1.0,0,2,0,1,1,1,20.8667,0.511983,0.16566524299962104,681,0,2927
4.0,1,11,0,1,0,2,13.7333,0.323846,0.16776419884965044,827,0,5138
1.0,0,11,0,2,0,1,13.1667,0.3244829999999999,0.14933451833587488,1003,0,3663
4.0,1,11,0,4,1,1,11.2333,0.281567,0.12532289884128728,677,0,5686
1.0,0,5,0,5,0,1,24.1667,0.5745,0.11161754758123989,703,0,4660
3.0,0,7,0,6,0,1,32.1667,0.728537,0.12274512320672291,637,0,4475
1.0,1,3,0,3,1,1,18.6667,0.459592,0.14188591727249666,497,0,5298
1.0,0,1,0,2,1,1,6.9091,0.160473,0.17976076665418775,889,0,1162
3.0,1,8,0,4,1,2,25.4333,0.595967,0.10114596211575459,611,0,6530
4.0,0,12,0,6,1,1,11.6333,0.317542,0.07014257940978011,875,0,3620
2.0,1,6,0,0,0,1,28.4333,0.648367,0.10951186135731011,593,0,7498
3.0,0,9,0,5,1,3,25.3565,0.555361,0.13487757540326437,684,1,1842
1.0,1,3,0,1,0,1,11.5,0.277767,0.14987442356317848,994,1,4118
3.0,1,8,0,6,1,1,28.2667,0.654037,0.12338859071080542,501,0,7347
1.0,1,1,0,6,0,1,11.3,0.272721,0.1558749110404971,836,0,3243
3.0,0,8,0,6,1,1,28.0333,0.645837,0.1543407347516296,1019,0,4725
4.0,1,12,0,6,0,2,15.2667,0.3895079999999999,0.08304573540699908,620,0,5582
1.0,0,2,0,1,1,1,7.5636,0.213509,0.0877665255816478,946,0,1746
1.0,1,2,0,0,1,2,12.6667,0.330162,0.07627764196843945,632,0,3005
1.0,0,12,1,2,0,1,12.8696,0.315535,0.15563495812117584,465,0,1317
3.0,1,7,1,2,0,1,31.5667,0.732337,0.10410191380980673,702,0,7403
1.0,1,1,0,2,1,1,11.7667,0.294821,0.11879173793599974,465,0,4270
4.0,1,10,0,2,1,1,17.4,0.431167,0.129415802316396,725,0,7570
3.0,1,7,0,3,1,1,30.8,0.714642,0.1211120254578304,602,0,6591
3.0,1,7,0,4,1,1,31.2667,0.734217,0.11439427446422884,948,0,6904
4.0,0,9,0,6,1,2,24.3667,0.522125,0.06700032030925761,612,0,2395
3.0,1,9,0,2,1,2,24.9333,0.565067,0.19605502324459223,795,0,4073
2.0,0,4,0,2,1,2,20.2333,0.4892579999999999,0.11711930331986985,707,0,3204
3.0,1,9,1,1,0,1,28.3,0.661629,0.11335769069240303,469,0,6034
1.0,0,3,0,1,1,2,10.4667,0.255679,0.13987758882436205,932,1,1944
3.0,1,6,0,2,1,1,28.6333,0.654042,0.17833674910465905,932,1,6779
4.0,1,9,0,4,1,2,26.0,0.607975,0.10374324038016408,472,0,7393
2.0,0,6,0,6,1,2,25.1333,0.595346,0.1413177627020456,462,0,3767
3.0,0,9,0,6,1,2,18.7667,0.461475,0.12045227375961944,467,0,4760
1.0,0,3,0,4,1,1,10.5739,0.2575739999999999,0.1439205145355738,870,0,2028
3.0,1,8,0,2,0,2,26.4667,0.618696,0.15764801615375565,477,0,6053
1.0,1,12,0,6,0,2,11.9333,0.316904,0.05290037150708006,602,0,5191
4.0,0,12,0,0,0,1,11.9667,0.310604,0.07927244000525986,473,0,3614
1.0,0,2,0,6,1,2,5.3913,0.144283,0.13298700349324163,474,0,1605
1.0,1,6,0,6,1,2,26.1667,0.607962,0.15485160190061392,853,1,4127
2.0,1,4,0,6,0,3,15.8667,0.389504,0.19228214347801237,603,0,1027
1.0,1,1,0,1,1,1,15.6,0.381317,0.16448474632836194,963,0,4509
3.0,0,7,0,4,1,1,27.2333,0.635104,0.15612748979979635,711,1,5084
4.0,0,9,0,1,0,2,25.3667,0.572637,0.04545796869458578,1030,0,5010
2.0,1,5,0,3,0,2,24.8667,0.584608,0.11439427446422884,1007,0,6883
4.0,0,10,0,2,1,1,21.5333,0.527138,0.12722950520162982,935,0,4826
1.0,1,12,0,1,1,2,9.2522,0.2589,0.06617078113216258,1030,1,920
3.0,0,7,0,2,1,1,29.8667,0.696338,0.09889790688295906,874,0,4665
3.0,1,8,0,3,0,2,26.1333,0.595996,0.15120288298073625,644,0,5255
2.0,1,4,0,4,1,1,21.0667,0.515775,0.11266128156132245,507,0,7290
3.0,1,7,0,2,1,1,28.9667,0.654054,0.12077933530287586,789,1,8173
3.0,0,8,0,2,1,2,27.4,0.633221,0.1066497444592705,687,0,4153
1.0,0,10,0,4,1,1,20.4333,0.504404,0.021371159992786968,991,0,4985
1.0,1,12,0,0,0,1,9.8333,0.259471,0.10299799843794931,490,0,1787
2.0,0,4,0,2,1,2,16.5667,0.39835,0.20432443966977598,626,0,1795
1.0,0,2,0,1,1,2,14.5739,0.350461,0.19286832758266623,493,0,1461
4.0,1,9,0,0,0,1,21.1667,0.518933,0.1487992817819898,888,0,7907
1.0,1,1,0,4,1,1,13.3667,0.340267,0.12241605623822253,559,0,4098
2.0,0,6,0,2,0,2,27.9667,0.645846,0.0834595979691116,1019,0,4744
3.0,0,8,0,3,0,2,28.6667,0.676154,0.1509440836129039,711,0,4294
2.0,0,6,0,1,0,1,25.4,0.594696,0.12910342099778427,624,0,5342
2.0,1,5,0,4,0,2,22.5,0.546737,0.11266574849811277,527,0,6359
4.0,1,11,0,0,1,1,14.2,0.356042,0.16613670390845822,578,0,5847
2.0,0,6,0,0,1,1,25.9667,0.600383,0.10879356533612199,659,1,4844
1.0,1,1,0,1,1,1,13.7,0.349108,0.09737572409499985,866,0,4339
4.0,0,11,0,1,1,1,10.9667,0.272721,0.12274303287045629,673,0,3392
4.0,0,11,0,5,1,2,18.3333,0.451375,0.16305421002011056,767,0,2914
2.0,0,5,0,3,1,1,19.1667,0.474117,0.15094237925314427,695,0,4608
2.0,1,5,0,2,1,1,22.5667,0.551121,0.1051983591365652,550,0,7639
2.0,0,4,0,1,1,2,23.8261,0.565217,0.1861772863765527,799,0,3348
2.0,1,3,0,1,0,2,16.9667,0.4217079999999999,0.1601309130964356,538,0,6235
3.0,1,7,0,6,0,1,28.8667,0.667933,0.12371343331939,523,0,6597
1.0,0,12,0,4,1,2,17.1333,0.428017,0.14799182953654919,942,0,2660
2.0,0,6,0,3,1,2,25.4,0.595346,0.11575927311692553,1018,0,4010
1.0,0,3,0,5,1,1,10.6667,0.263879,0.14580488893278334,971,0,1851
2.0,0,6,0,4,1,1,28.3,0.65595,0.13248410636489077,464,1,4833
4.0,0,11,0,1,1,2,16.1333,0.403392,0.16822725969850236,769,0,4046
4.0,0,10,0,5,0,3,10.1667,0.227913,0.19427504464978032,936,0,627
1.0,1,12,0,1,1,2,8.6333,0.223487,0.11541463035544602,585,0,2729
1.0,1,3,0,5,1,1,16.1667,0.3851,0.19264520957384698,490,0,4916
3.0,0,6,0,3,1,2,27.3,0.637004,0.08714057104431451,819,0,4708
3.0,0,7,0,0,0,1,32.2333,0.729796,0.12078621872832258,724,0,4302
3.0,1,7,0,4,1,1,33.1333,0.752533,0.11056511374482708,797,0,6207
2.0,0,3,0,1,1,1,10.5667,0.256312,0.15199432578268351,776,0,2210
1.0,1,12,0,5,1,2,10.1333,0.255046,0.11575708386953575,562,0,3095
3.0,0,6,0,4,1,2,27.2333,0.637646,0.12403963614073701,474,0,4835
1.0,1,9,0,0,0,1,24.4,0.578925,0.14933451833587488,494,0,8227
3.0,0,8,0,1,1,1,28.7,0.651521,0.12077721726226955,980,0,4792
1.0,0,1,0,6,0,2,14.5391,0.3537389999999999,0.15930554837959046,837,1,801
4.0,1,11,0,2,0,1,13.7,0.337746,0.15067195148666873,899,0,4669
1.0,0,2,0,3,0,1,11.4087,0.27733,0.1487893170234432,628,0,1812
2.0,0,5,0,3,1,1,27.2667,0.637008,0.15613239711256321,789,0,4679
3.0,0,9,0,1,0,1,28.3667,0.665429,0.14131592902886203,606,0,4940
3.0,1,7,0,0,1,1,29.6667,0.690017,0.10628681769210943,603,0,6966
1.0,0,1,0,0,1,1,6.0333,0.150888,0.14880318082698418,897,0,1321
3.0,0,8,0,2,1,1,28.4333,0.656567,0.13095523978001916,747,0,4866
4.0,1,11,0,5,1,1,11.5667,0.281563,0.13814265316544136,478,0,5495
1.0,0,3,0,6,1,2,14.6087,0.36693,0.1397714501531494,837,0,2192
3.0,1,9,0,6,0,2,30.1333,0.702654,0.09075239746129653,823,0,6140
3.0,1,6,0,4,1,1,27.9,0.640792,0.16822578085559747,897,0,7335
2.0,1,5,0,0,1,2,23.0,0.553025,0.1457991263561163,571,0,4717
1.0,1,3,0,2,0,2,18.9,0.4639999999999999,0.09927764768049513,1016,1,5892
3.0,1,7,0,5,0,2,28.1333,0.666042,0.10916511067864655,809,0,6969
1.0,1,11,1,6,0,1,13.6,0.350371,0.04747358984367448,535,0,2425
1.0,1,5,0,6,1,2,23.2667,0.557471,0.1768560858673285,596,0,5728
2.0,0,4,0,6,0,2,13.7,0.3415289999999999,0.10299799843794931,803,0,2455
1.0,0,2,0,6,1,1,8.8696,0.245717,0.0781305507143939,674,1,1917
3.0,0,9,0,4,1,3,23.9667,0.544229,0.0801137989323225,892,0,1996
2.0,0,5,0,1,1,1,21.7,0.5284,0.09544628381352636,549,0,4182
2.0,1,5,0,5,1,2,22.9333,0.5499,0.14413974399903903,768,0,2843
2.0,1,6,0,3,1,2,21.6333,0.525892,0.14273322642941408,831,0,7001
3.0,1,6,0,5,1,1,32.2333,0.752542,0.09429040270481029,692,0,5905
3.0,0,7,0,0,0,1,29.9,0.690025,0.1303488902433241,492,0,4881
3.0,0,8,0,2,1,1,28.0,0.659733,0.07103284663482505,875,0,4661
2.0,0,3,0,4,1,2,17.2174,0.409735,0.174346686230653,817,0,2077
1.0,0,2,0,6,1,1,12.7304,0.3162,0.16059475109880417,1029,0,2115
1.0,0,1,0,3,1,1,8.1739,0.233209,0.07498449219084713,734,1,1606
1.0,1,2,0,2,0,1,13.8667,0.355425,0.13400098742081723,900,0,4318
1.0,1,1,0,3,1,1,7.6,0.190038,0.14744927443175312,637,0,3292
1.0,0,6,0,5,1,1,25.0667,0.587754,0.1224181511755555,749,0,5180
1.0,1,1,0,1,1,1,12.3478,0.318826,0.13235895812773377,598,0,3598
4.0,0,10,0,6,0,1,21.6333,0.523983,0.05581356178859072,581,0,5511
1.0,0,8,0,2,1,1,28.3333,0.654042,0.12910342099778427,835,0,4905
2.0,1,6,0,2,1,1,23.9,0.578283,0.17295443318736253,860,0,6998
4.0,0,10,0,3,1,1,19.0333,0.466525,0.21277337624561612,751,1,4195
4.0,1,9,0,3,1,1,25.4,0.5966130000000001,0.15764478442705418,1001,0,7733
3.0,0,8,0,0,1,2,29.2667,0.679937,0.10447449361894506,934,0,3574
3.0,1,8,0,6,1,1,27.4,0.635733,0.0903529477151378,575,0,7697
3.0,0,6,0,2,0,1,27.2,0.637629,0.07841856755912975,976,0,5305
1.0,0,2,0,2,0,2,9.3333,0.243058,0.11879603015502617,707,0,1005
1.0,1,3,0,4,1,1,22.6,0.542929,0.154598084204848,889,0,5847
1.0,1,4,0,3,1,1,17.4,0.431163,0.147173640224968,518,1,6457
4.0,0,11,0,4,1,1,15.8,0.400871,0.0509484477950215,606,0,4035
1.0,1,1,0,5,0,1,7.2,0.183087,0.1321783739138979,944,0,2493
1.0,1,1,0,3,1,2,13.6667,0.35605,0.06334429969631532,784,1,4075
4.0,1,10,0,2,1,2,22.0,0.529688,0.09774854294897492,492,0,7359
4.0,1,12,0,1,1,2,17.4333,0.435575,0.13370046512896236,1031,0,5170
1.0,1,7,0,0,1,1,30.5333,0.724125,0.12045439638942392,639,0,6830
1.0,1,11,0,6,1,1,14.087,0.341891,0.19324762931723138,554,0,5315
2.0,1,4,0,6,0,2,17.0333,0.4172869999999999,0.12468163438163324,664,0,6041
3.0,1,9,0,0,0,1,23.2,0.563125,0.07541528481629874,589,0,7333
1.0,1,9,0,5,1,1,28.1333,0.657204,0.12436098472353309,929,0,7504
1.0,1,2,0,5,1,2,12.7667,0.333946,0.10773130772942031,921,1,3922
2.0,0,5,0,0,1,1,21.3,0.522721,0.09233082830311383,473,0,4803
4.0,0,11,0,5,1,2,21.2,0.507579,0.13814640686806648,852,0,4195
3.0,0,8,0,3,0,2,27.4333,0.645858,0.1435828795258331,935,0,4150
1.0,0,1,0,2,1,1,9.0783,0.2292699999999999,0.1320397210461877,745,0,1600
2.0,0,5,1,6,0,1,29.3333,0.671092,0.1018919237131822,483,0,4098
1.0,1,12,0,4,1,2,10.1667,0.226642,0.1939165711491347,561,0,2114
2.0,0,6,0,6,1,2,32.3333,0.757579,0.1126679819185026,906,0,3915
3.0,0,7,0,2,1,1,30.8667,0.696979,0.13843934833655533,692,0,4590
1.0,1,4,0,0,1,2,12.8667,0.301125,0.17938311268068163,512,1,3214
1.0,1,1,1,0,0,1,7.6,0.190663,0.15226155069096442,709,0,2298
1.0,1,1,0,0,1,2,8.9667,0.247479,0.08138393140051428,644,0,2376
1.0,0,4,0,4,1,2,24.7,0.578929,0.18505311028003962,763,0,4058
1.0,0,3,0,4,1,1,13.0087,0.332,0.10526214286356368,926,0,2046
1.0,0,3,0,0,1,1,7.9333,0.200133,0.1498761421406085,759,0,1685
2.0,1,6,0,4,1,1,26.2333,0.611117,0.19190765955290046,865,0,7421
1.0,0,2,0,6,1,2,10.4,0.254417,0.16543183010707574,678,0,1526
1.0,0,2,0,2,0,1,11.3,0.282192,0.1318783604523685,522,0,1969
1.0,1,2,0,0,1,1,10.6,0.261988,0.1354954440421117,1010,0,3830
1.0,1,2,0,2,0,2,10.5667,0.272725,0.09622319985231355,953,1,2832
1.0,1,1,0,4,1,2,17.0,0.415383,0.1917262597224425,977,0,3456
3.0,1,9,0,2,1,1,29.0333,0.686888,0.15433741601915338,872,0,6864
1.0,0,1,0,5,0,1,7.8609,0.212126,0.11012479574833552,1018,0,1098
2.0,1,4,0,3,1,1,19.9333,0.493046,0.0577182416665902,584,0,6565
4.0,0,11,0,0,1,1,16.3333,0.405921,0.1051983591365652,1021,0,3974
4.0,0,12,0,3,1,3,18.5,0.4564,0.1527771024334621,459,0,2594
2.0,0,4,0,0,0,2,23.2667,0.551763,0.13460203425058234,697,0,4191
4.0,1,11,0,2,0,1,13.0333,0.329538,0.12816823808504574,684,0,5107
1.0,1,3,0,6,1,1,19.7667,0.482304,0.18465358535310938,956,0,6133
2.0,0,6,0,4,1,1,24.1667,0.591546,0.16730077162653623,858,0,4891
4.0,0,10,0,3,1,2,18.8,0.457046,0.13726618278202912,518,0,2659
2.0,1,6,0,6,1,1,25.5667,0.599754,0.1269082982864276,709,0,7665
3.0,1,7,0,4,1,2,29.2667,0.667933,0.06880060071596825,500,0,7499
2.0,1,4,0,2,1,1,13.9478,0.3372739999999999,0.17659727437952197,767,0,4862
3.0,1,7,0,4,1,2,26.6333,0.613025,0.14245714097899811,685,0,5870
2.0,0,5,0,4,0,2,20.8333,0.500629,0.10410191380980673,928,0,3409
2.0,0,4,0,6,0,3,17.2333,0.425492,0.1911731856378465,577,0,795
3.0,1,8,0,5,1,2,29.4333,0.697621,0.09311145509793925,714,0,7273
4.0,0,11,0,4,1,3,17.9,0.445062,0.10592073754657558,865,0,2765
1.0,0,2,0,3,0,1,13.7391,0.351109,0.09828240171415221,736,0,2402
3.0,0,9,0,3,1,2,22.4667,0.532217,0.10410427087787408,736,0,3641
1.0,1,1,0,5,0,2,6.9333,0.174875,0.14853213505568802,798,0,1301
2.0,0,6,0,6,1,1,28.6,0.643942,0.1755673102218018,740,1,4968
2.0,1,3,0,3,1,1,17.8333,0.43875,0.20400068294122808,747,0,5558
2.0,1,6,0,4,1,1,31.3,0.720975,0.09115091962747285,772,0,6211
1.0,1,2,0,0,1,1,18.1667,0.444446,0.1339932525558042,509,0,5062
2.0,0,6,0,5,1,2,30.5667,0.720967,0.14160213899224297,694,0,3974
1.0,1,3,0,4,1,1,22.4333,0.538533,0.09583643010884799,605,1,6093
4.0,0,10,0,6,0,2,14.2667,0.345317,0.14825878247858984,485,0,2918
4.0,1,10,0,6,1,3,17.6,0.4394,0.19622877718792825,1028,1,22
4.0,1,10,0,3,1,1,24.6,0.580187,0.0863317056497779,484,0,8156
2.0,0,5,0,4,0,1,20.8,0.512621,0.11845818285941223,1014,0,4714
1.0,1,1,0,2,1,2,10.9667,0.282821,0.101889534400159,715,0,2177
3.0,0,8,0,0,1,1,26.9333,0.630692,0.12910342099778427,935,0,5130
3.0,1,7,0,3,1,1,31.0667,0.739263,0.17294733950534344,1012,0,6861
4.0,1,10,0,4,0,1,22.1667,0.538521,0.1668309997073221,755,0,7965
1.0,1,1,0,3,1,1,10.6333,0.278412,0.10115076243672136,983,0,3272
1.0,0,5,0,2,1,1,18.3667,0.441917,0.1766377647740335,789,0,4433
1.0,0,1,0,4,1,1,7.1,0.157833,0.19481429449846627,725,0,1543
4.0,0,12,0,0,0,2,10.3333,0.249371,0.15714568017357383,660,0,2739
4.0,1,10,0,4,0,1,19.3667,0.472842,0.09350702427557621,988,0,8090
4.0,0,12,0,1,0,1,8.8333,0.253154,0.05818595922858784,695,0,2743
2.0,1,6,0,2,1,2,28.8333,0.659721,0.14188591727249666,907,0,6664
2.0,1,5,0,5,1,2,21.5,0.527142,0.1519926353733977,893,1,6273
4.0,0,9,0,3,1,2,25.4667,0.574525,0.09390480665277759,903,1,4120
2.0,0,3,0,6,1,2,13.8783,0.337939,0.15347991774200995,516,0,2121
4.0,1,10,0,1,1,2,26.3,0.599133,0.05818908629556067,727,0,7572
3.0,1,9,0,0,0,2,27.8667,0.649,0.05629223997011229,946,0,5810
4.0,1,12,0,4,1,2,13.2,0.335217,0.1026297428499752,883,0,4128
2.0,1,6,0,6,1,1,25.9667,0.597862,0.12628007869211272,968,0,7736
4.0,0,12,0,1,0,1,13.2333,0.3491,0.0710298524021204,998,1,3485
4.0,1,12,0,6,0,1,12.9667,0.338383,0.0863317056497779,619,0,5047
1.0,1,2,0,4,1,1,11.3044,0.296426,0.11483979024706847,750,0,3784
1.0,0,2,0,2,0,1,8.9,0.232954,0.13988731792659104,709,0,1472
1.0,0,2,0,5,1,1,10.6435,0.254274,0.17525056057329252,565,0,1815
2.0,0,6,0,2,0,2,25.9333,0.616804,0.1062920496701663,495,0,4906
2.0,0,5,0,5,0,1,26.7,0.61555,0.14469786445176952,667,1,4788
3.0,0,7,0,1,1,1,29.8667,0.703925,0.14552933359879108,840,0,4458
2.0,0,5,0,0,1,2,24.6667,0.582079,0.1917262597224425,666,0,4451
2.0,1,6,0,1,0,1,24.1,0.575133,0.13065411908107644,502,1,7641
4.0,0,10,0,4,1,1,17.1,0.423596,0.14799008579435918,918,0,4304
1.0,0,12,0,6,1,1,12.4667,0.318812,0.10374028747269425,918,0,2999
4.0,0,10,0,6,0,1,20.4667,0.503154,0.17184380396237353,576,1,5041
2.0,0,4,0,4,1,1,18.3667,0.453892,0.18642279964390057,995,0,4189
4.0,1,11,0,6,1,2,14.6333,0.369942,0.11677988333370636,746,1,5986
1.0,1,1,0,1,1,2,14.9217,0.364278,0.19362516732430274,786,0,2935
3.0,1,7,0,2,1,1,28.6667,0.650271,0.11369751829692956,707,0,7264
2.0,1,5,0,5,1,2,23.9333,0.565667,0.15303765772933411,967,0,4359
3.0,1,6,0,6,1,1,31.1,0.724121,0.13003654662874542,885,0,5823
1.0,0,11,0,1,1,1,15.0,0.380671,0.08138110270853147,931,0,2792
1.0,1,2,0,5,1,1,14.1667,0.361104,0.11126357613506556,821,0,4375
2.0,0,5,0,1,1,2,22.0,0.527158,0.13901590144363973,832,0,3855
4.0,0,10,0,0,1,1,18.5333,0.457067,0.09429352894977147,645,0,4187
1.0,0,1,0,4,1,2,8.1391,0.223317,0.09708879812540204,854,0,1167
1.0,1,10,0,5,0,2,19.1,0.467771,0.20686598025160183,822,0,4459
2.0,0,5,0,6,1,2,21.9667,0.532833,0.13034045747699763,504,0,4401
1.0,0,2,0,3,0,1,11.4333,0.291671,0.10808867323814415,565,0,1623
4.0,0,10,0,2,1,3,21.6696,0.513848,0.15721542495851326,502,0,2424
2.0,1,6,0,2,1,2,22.7333,0.544842,0.12595472587192638,711,0,5099
2.0,1,4,0,3,1,1,15.9,0.387604,0.17492174972874047,765,0,5409
2.0,0,6,0,3,1,1,25.4,0.601654,0.1800014895226171,706,0,5020
2.0,0,4,0,3,1,1,15.6333,0.387608,0.16495942872928712,789,0,2808
2.0,1,4,0,3,1,2,19.9333,0.483583,0.1269123622007,946,0,5026
3.0,0,7,0,0,0,1,33.2,0.794829,0.12307607016246393,561,0,3606
3.0,0,6,0,6,1,2,29.1333,0.693833,0.15536327535483407,925,0,4790
1.0,1,8,0,2,0,2,27.7,0.638267,0.14132142997377953,538,0,6299
3.0,0,8,0,1,1,1,28.4667,0.662258,0.1530393342888303,846,0,3805
4.0,1,10,0,1,1,1,20.5667,0.503142,0.13249045859836203,634,1,7691
3.0,0,9,0,5,1,2,25.1333,0.554963,0.10002969085130167,919,0,4795
1.0,0,3,0,3,0,1,13.3,0.32575,0.1418895691368221,870,0,2471
1.0,1,3,0,0,1,2,16.4333,0.397083,0.21099714887679327,576,0,4569
1.0,1,1,0,5,0,1,12.6333,0.326379,0.14330086323890387,479,0,4023
1.0,0,5,0,6,1,2,25.2667,0.590296,0.15330478866911404,545,0,4274
3.0,1,6,0,3,1,1,25.2333,0.594704,0.19319123730357005,683,0,7442
1.0,0,1,0,2,1,3,8.7,0.2036,0.17610746129539634,602,0,506
2.0,0,4,0,5,1,2,13.4667,0.321954,0.14717013080117128,540,1,1683
1.0,0,2,0,0,1,1,5.7739,0.149548,0.14822484494618005,840,0,1538
1.0,1,12,0,3,1,1,13.3,0.3421619999999999,0.1306565939233314,951,0,5267
1.0,1,3,0,2,0,1,13.0333,0.303021,0.18929473796966542,569,0,3423
3.0,1,8,0,6,1,1,26.7,0.621854,0.06101893333405825,553,0,7375
4.0,1,10,0,1,1,1,23.5,0.558721,0.06288586746952579,707,0,7693
2.0,1,4,0,5,0,1,17.5,0.426129,0.16936476890979146,875,0,6857
2.0,0,4,0,4,1,1,18.7,0.462742,0.08915738155904653,726,0,3267
1.0,1,1,0,0,1,1,10.7667,0.262625,0.14552400319015565,470,0,3624
3.0,0,8,0,4,0,2,27.0667,0.624388,0.14852822786150954,959,0,3820
4.0,0,11,0,2,0,1,13.0667,0.323854,0.13309554249447422,563,0,3926
3.0,0,9,0,3,1,1,26.0333,0.603554,0.10809097251191227,652,1,4763
1.0,1,11,0,0,1,1,14.4667,0.355413,0.14497470915850535,738,0,5992
4.0,1,10,1,6,0,2,15.3333,0.387608,0.13339541549204811,925,0,5478
1.0,1,2,0,4,1,1,14.6667,0.357954,0.16683399312138758,490,0,4322
3.0,1,9,0,4,1,1,24.5,0.579558,0.07014551632520179,702,0,7804
4.0,1,10,0,0,1,1,21.7667,0.530304,0.07842712633782344,601,0,7466
3.0,1,9,0,4,1,1,21.8667,0.532192,0.09390229990960221,990,1,7720
4.0,1,12,0,5,1,2,12.8333,0.3219579999999999,0.10151816995961321,708,0,5008
3.0,1,8,0,0,1,1,27.8333,0.637008,0.07148378231635347,665,0,7765
2.0,1,4,0,0,1,2,18.5667,0.457696,0.12435684941534104,628,0,5572
2.0,0,5,0,3,1,1,21.4667,0.529042,0.09813886244154309,528,0,4917
3.0,0,7,0,3,1,1,28.8,0.685633,0.1126679819185026,780,0,4629
4.0,0,11,0,2,0,1,15.0333,0.385087,0.05961390529955855,602,0,3068
3.0,0,9,0,3,1,3,21.6,0.5152,0.1921040944992375,763,0,2710
2.0,0,4,0,5,1,2,13.4333,0.324479,0.15040694317526468,907,0,1471
3.0,1,8,0,4,1,2,30.1,0.710246,0.10077050274344908,861,1,7013
2.0,0,4,0,1,1,1,24.2667,0.5745,0.1312695264667221,757,0,4073
4.0,0,10,0,5,0,1,20.2667,0.498725,0.1630507327835655,1021,1,5217
1.0,0,2,0,0,1,1,17.4333,0.428658,0.15173162095582585,756,0,2475
3.0,1,9,0,6,0,2,26.3667,0.611121,0.17162401978204384,824,0,5976
4.0,1,10,0,0,1,1,18.7333,0.460846,0.1297275063822882,513,0,7534
1.0,0,2,0,2,0,1,15.9667,0.391404,0.23061003422721352,623,0,1635
1.0,0,2,1,4,0,2,12.1333,0.284075,0.18082838957898265,802,0,1107
1.0,1,2,0,6,1,2,10.2667,0.266421,0.10337607781354544,510,0,2802
1.0,1,2,0,6,1,1,15.8333,0.392667,0.15356760002656214,655,0,4773
1.0,0,9,0,5,1,2,23.1,0.553671,0.16799299719461988,501,0,3659
3.0,0,9,0,2,1,2,21.9667,0.529675,0.1137025102142573,912,0,4539
3.0,1,8,0,1,1,2,30.6333,0.722867,0.14552400319015565,937,1,7175
3.0,1,9,0,5,1,1,25.3333,0.594083,0.08469539944741142,918,0,8009
4.0,0,10,0,3,1,1,19.7667,0.480425,0.10410427087787408,1017,0,4765
1.0,0,12,0,4,1,2,12.7,0.338362,0.05388050008286306,781,1,3740
3.0,0,9,0,4,1,2,23.8,0.5505329999999999,0.07969507407053848,1000,0,4352
2.0,1,6,0,3,1,1,27.5333,0.654692,0.11162260655789659,826,1,6825
4.0,0,11,1,0,0,1,14.9333,0.372471,0.1220993819865404,785,0,1495
1.0,0,3,0,6,1,2,11.8333,0.286608,0.147445772395317,521,1,1891
2.0,0,4,0,0,0,1,18.2667,0.445696,0.17938311268068163,676,0,3744
1.0,1,3,0,3,1,1,9.7333,0.241171,0.15120288298073625,1019,0,3333
4.0,0,11,0,6,1,1,13.0,0.311221,0.1679974426034542,832,1,3613
3.0,1,7,0,5,0,1,30.2333,0.697604,0.11678205802034304,508,0,6685
1.0,0,6,0,1,0,1,27.8,0.643313,0.14273141193266198,465,0,5202
3.0,0,8,0,4,0,1,29.7,0.715292,0.13901357021925206,769,0,3785
1.0,0,1,0,2,1,2,11.687,0.2984219999999999,0.14216135491021764,1024,0,1650
2.0,0,4,0,0,0,1,15.1333,0.378767,0.12972352084133434,829,0,3249
4.0,1,11,0,0,1,1,13.8,0.347204,0.12403963614073701,603,0,5698
1.0,0,3,0,0,1,1,16.6,0.410333,0.1427350409016198,649,0,2744
1.0,0,3,0,3,0,1,15.3739,0.380091,0.16779203477620616,943,0,2417
2.0,1,6,0,4,1,1,22.1667,0.542292,0.06609365057176492,978,0,7055
2.0,1,6,0,1,0,1,23.7,0.571975,0.10986296928084634,615,0,6978
3.0,0,8,0,1,1,2,27.3667,0.645854,0.14330267003658936,786,0,3542
3.0,0,7,0,1,1,1,30.5,0.729804,0.172065663747736,730,0,4086
2.0,1,4,0,1,1,1,16.5333,0.405283,0.1596414530775888,621,1,5633
1.0,0,12,0,5,1,2,16.9333,0.426121,0.04291859238594811,472,0,3068
3.0,1,9,0,3,1,1,23.9667,0.570075,0.10226244178839625,930,0,7870
3.0,1,7,0,5,0,3,23.8333,0.549912,0.14441237808859061,839,0,4459
4.0,0,10,0,5,0,1,16.9,0.425492,0.07713593186592248,695,1,4308
4.0,0,11,0,3,0,2,18.5333,0.457058,0.13157328569705998,1032,1,3520
2.0,1,4,0,2,1,1,21.6667,0.53345,0.1291054223955302,1010,1,6436
2.0,1,3,0,1,0,2,20.1,0.4867329999999999,0.13489438843860596,618,0,3372
4.0,0,11,0,4,1,1,21.2,0.524612,0.18041507804797569,608,0,4486
4.0,0,11,0,3,0,1,18.3667,0.4558,0.1424512316325611,646,0,3071
1.0,0,1,1,0,0,2,7.0333,0.176771,0.13548587811962623,650,0,1000
1.0,0,1,0,5,0,1,2.3652,0.0790696,0.12452836727478017,891,0,981
4.0,1,11,0,5,1,2,11.8333,0.274621,0.17958763155469845,654,0,5035
1.0,1,1,0,6,0,1,6.6667,0.161625,0.16038438684932146,871,1,2311
3.0,0,8,0,0,1,1,30.6667,0.684983,0.13843934833655533,709,0,4780
1.0,0,2,0,5,1,1,8.8333,0.198246,0.19728483938449826,611,0,1530
3.0,0,7,0,5,1,1,28.9,0.652162,0.08386386055647438,795,0,5362
1.0,0,8,0,6,1,1,25.6333,0.606067,0.11091614463714494,982,0,5895
3.0,1,9,0,5,1,1,23.9667,0.571971,0.11507581106367099,902,0,8167
4.0,0,12,0,0,0,1,11.0,0.266412,0.15304478295391344,657,0,3190
2.0,1,5,0,0,1,2,26.2667,0.611129,0.10373556270898444,595,0,6855
2.0,0,5,0,5,0,1,21.1333,0.518933,0.06426415979143928,991,0,4333
4.0,0,11,0,5,1,3,16.6667,0.421696,0.09429352894977147,525,0,1607
4.0,0,11,0,6,1,2,17.6333,0.430537,0.18967526998047263,587,0,2566
4.0,0,10,0,3,1,2,23.5667,0.551804,0.10808120036899747,929,0,2913
2.0,1,4,0,5,0,1,19.8,0.487996,0.1339951863119905,748,1,7460
1.0,0,1,0,5,0,2,9.3333,0.248112,0.11711496350617129,991,0,1248
1.0,0,1,0,1,1,2,8.9391,0.234526,0.10103611643051609,977,0,1985
3.0,0,8,0,1,1,2,28.4,0.664788,0.13697641205993658,939,1,4576
4.0,1,10,0,5,0,1,18.5667,0.456429,0.12144186958743704,521,0,6824
2.0,1,5,0,4,0,1,27.6,0.641425,0.1452478607045434,1005,0,6591
4.0,1,11,0,5,1,1,14.1333,0.364892,0.08428707733454457,666,0,5146
3.0,1,9,0,3,1,1,29.4667,0.708983,0.13248410636489077,546,0,7112
2.0,0,5,0,0,1,2,22.4667,0.538529,0.1702701452312791,537,0,4123
2.0,0,5,0,6,1,1,23.1,0.550512,0.0992703648506477,470,0,3958
1.0,1,1,0,2,1,1,12.1333,0.275254,0.21114807236203886,553,0,3376
4.0,1,11,0,4,1,2,11.6667,0.281558,0.15485118874890644,675,0,3959
1.0,1,12,0,6,0,2,10.1333,0.2424,0.0977534429063065,783,0,1341
4.0,0,10,0,4,1,2,13.2333,0.318812,0.15146667673731973,599,0,3747
1.0,0,5,0,1,1,2,16.5667,0.40465,0.18758532036540035,569,0,2633
2.0,0,5,0,4,0,1,26.2333,0.612379,0.15172653920072254,712,0,4758
4.0,0,11,0,6,1,1,15.1,0.390133,0.06969433702734046,810,1,4186
3.0,1,6,0,6,1,1,33.3667,0.786613,0.12110568533397563,600,0,5463
1.0,0,1,0,6,0,1,3.8609,0.0988391,0.1585303275917698,932,1,986
4.0,1,11,0,3,1,1,12.7667,0.308075,0.15433907539634395,491,0,5259
4.0,0,10,0,5,0,1,20.8667,0.513242,0.04137289791268605,746,1,5409
4.0,1,9,0,1,1,1,20.5667,0.502513,0.1084354877589213,944,1,7436
1.0,0,2,0,4,1,1,16.6,0.39835,0.21174026427216508,949,1,1913
2.0,0,5,0,2,1,2,21.2333,0.510742,0.08754750250760515,878,0,4575
1.0,0,3,0,1,1,1,21.6,0.5270090000000001,0.15211766510627278,799,0,3239
1.0,0,4,0,1,1,1,20.5,0.503146,0.12012503053864444,637,0,3429
3.0,0,7,0,6,0,1,33.9667,0.804287,0.101889534400159,944,0,3285
3.0,0,9,0,6,1,2,25.7333,0.604808,0.10700953600277226,908,0,4727
1.0,1,2,0,6,1,1,13.9333,0.3516289999999999,0.12941779937375464,998,1,4169
1.0,1,3,0,3,1,1,21.8,0.532821,0.11945878779797255,773,0,6153
1.0,1,1,0,2,1,2,4.3,0.1193369999999999,0.1309572154857833,726,0,2368
4.0,1,12,0,1,1,2,15.7333,0.4015,0.08095122686102234,692,0,4585
2.0,1,4,0,4,1,1,16.1333,0.390767,0.17833843789789494,603,0,6460
1.0,0,12,0,6,1,1,12.5667,0.331433,0.0826282284699955,492,0,3940
1.0,0,3,0,2,0,1,18.9,0.466525,0.19900997429585798,1022,1,3117
1.0,0,3,0,5,1,1,17.6667,0.440642,0.14987442356317848,551,0,2703
1.0,1,1,0,3,1,2,15.3,0.381938,0.12910141957222054,520,0,4097
4.0,0,10,0,2,1,2,19.3667,0.472846,0.11197352506619844,605,0,3894
2.0,1,5,0,2,1,1,21.3333,0.520833,0.15459270225844093,570,1,7030
